Table 5,,,,,,,,,,,,
Crime in the United States,,,,,,,,,,,,
"by State, 2011", ,,,,,,,,,,,
State,Area,,Population,"Violent 
crime","Murder and 
nonnegligent 
manslaughter","Forcible
rape",Robbery,"Aggravated 
assault","Property 
crime",Burglary,"Larceny- 
theft","Motor 
vehicle 
theft"
ALABAMA1,Metropolitan Statistical Area,,3431868,,,,,,,,,
,,Area actually reporting,1,15393,252,981,4345,9815,131484,39276,83753,8455
,,Estimated total,1,15575,254,998,4375,9948,133029,39846,84632,8551
,Cities outside metropolitan areas,,625776,,,,,,,,,
,,Area actually reporting,1,3199,31,241,461,2466,28863,7122,20324,1417
,,Estimated total,1,3228,31,244,464,2489,29048,7188,20436,1424
,Nonmetropolitan counties,,745096,,,,,,,,,
,,Area actually reporting,1,1341,16,126,69,1130,10870,3994,6204,672
,,Estimated total,1,1371,16,129,71,1155,11113,4083,6343,687
,State Total,,4802740,20174,301,1371,4910,13592,173190,51117,111411,10662
,,"Rate per 100,000 inhabitants",,420,6,29,102,283,3606,1064,2320,222
ALASKA,Metropolitan Statistical Area,,345208,,,,,,,,,
,,Area actually reporting,1,2646,15,306,507,1818,11664,1304,9626,734
,Cities outside metropolitan areas,,125661,,,,,,,,,
,,Area actually reporting,1,678,2,75,41,560,3639,426,2976,237
,,Estimated total,1,722,2,80,44,596,3876,454,3170,252
,Nonmetropolitan counties,,251849,,,,,,,,,
,,Area actually reporting,1,1015,12,34,25,944,3488,1068,2063,357
,State Total,,722718,4383,29,420,576,3358,19028,2826,14859,1343
,,"Rate per 100,000 inhabitants",,607,4,58,80,465,2633,391,2056,186
ARIZONA,Metropolitan Statistical Area,,5998271,,,,,,,,,
,,Area actually reporting,1,22804,331,1631,6980,13862,215453,50478,146557,18418
,,Estimated total,1,22877,332,1637,6996,13912,216378,50678,147233,18467
,Cities outside metropolitan areas, ,205812,, ,,,,,,,
,,Area actually reporting,1,2392,58,499,96,1739,9869,2732,6135,1002
,,Estimated total,1,2742,65,606,108,1963,11140,3084,6925,1131
,Nonmetropolitan counties, ,278422,,,,,,,,,
,,Area actually reporting,1,680,8,21,23,628,2850,1145,1478,227
,,Estimated total,1,692,8,21,23,640,2904,1167,1506,231
,State Total,,6482505,26311,405,2264,7127,16515,230422,54929,155664,19829
,,"Rate per 100,000 inhabitants",,406,6,35,110,255,3555,847,2401,306
ARKANSAS,Metropolitan Statistical Area,,1770662,,,,,,,,,
,,Area actually reporting,1,10344,112,851,2020,7361,74609,22110,48309,4190
,,Estimated total,1,10597,114,875,2037,7571,76149,22676,49174,4299
,Cities outside metropolitan areas,,512170,, ,,,,,,,
,,Area actually reporting ,1,2326,32,205,320,1769,21995,7421,13877,697
,,Estimated total,1,2410,33,212,332,1833,22792,7690,14380,722
,Nonmetropolitan counties,,655147,,,,,,,,,
,,Area actually reporting,1,1043,14,117,55,857,10549,3814,6000,735
,,Estimated total,1,1122,15,126,59,922,11354,4105,6458,791
,State Total,,2937979,14129,162,1213,2428,10326,110295,34471,70012,5812
,,"Rate per 100,000 inhabitants",,481,6,41,83,352,3754,1173,2383,198
CALIFORNIA,Metropolitan Statistical Area,,36836745,,,,,,,,,
,,Area actually reporting,1,151568,1757,7370,53902,88539,954328,224122,585150,145056
,,Estimated total,1,151642,1757,7374,53926,88585,954893,224257,585505,145131
,Cities outside metropolitan areas,,278451,,,,,,,,,
,,Area actually reporting,1,1503,6,116,210,1171,9841,2598,6538,705
,Nonmetropolitan counties,,576716,,,,,,,,,
,,Area actually reporting,1,1799,29,173,156,1441,9167,3235,4920,1012
,State Total,,37691912,154944,1792,7663,54292,91197,973901,230090,596963,146848
,,"Rate per 100,000 inhabitants",,411,5,20,144,242,2584,610,1584,390
COLORADO,Metropolitan Statistical Area,,4417535,,,,, ,,,,
,,Area actually reporting,1,14918,132,2042,3211,9533,119439,23321,85624,10494
,,Estimated total,1,15045,132,2062,3229,9622,120630,23529,86519,10582
,Cities outside metropolitan areas,,333267,,,,,,,,,
,,Area actually reporting,1,835,8,154,59,614,8868,1337,7248,283
,,Estimated total,1,923,9,170,65,679,9806,1478,8015,313
,Nonmetropolitan counties,,365994,,,,,,,,,
,,Area actually reporting,1,349,7,39,10,293,2457,639,1690,128
,,Estimated total,1,415,8,46,12,349,2925,761,2012,152
,State Total,,5116796,16383,149,2278,3306,10650,133361,25768,96546,11047
,,"Rate per 100,000 inhabitants",,320,3,45,65,208,2606,504,1887,216
CONNECTICUT,Metropolitan Statistical Area,,2880136,,,,,,,,,
,,Area actually reporting,1,9235,123,604,3581,4927,70282,13775,50161,6346
,Cities outside metropolitan areas,,161436,,,,,,,,,
,,Area actually reporting,1,217,1,34,45,137,2880,488,2274,118
,Nonmetropolitan counties,,539137,,,,,,,,,
,,Area actually reporting,1,315,4,48,51,212,4447,1416,2783,248
,State Total,,3580709,9767,128,686,3677,5276,77609,15679,55218,6712
,,"Rate per 100,000 inhabitants",,273,4,19,103,147,2167,438,1542,187
DELAWARE,Metropolitan Statistical Area,,707970,,,,,,,,,
,,Area actually reporting,1,4120,37,215,1337,2531,23654,5280,17075,1299
,Cities outside metropolitan areas,,48021,,,,,,,,,
,,Area actually reporting,1,329,0,28,100,201,2772,580,2142,50
,Nonmetropolitan counties,,151144,,, ,,,,,,
,,Area actually reporting,1,626,4,46,101,475,4513,1671,2661,181
,State Total,,907135,5075,41,289,1538,3207,30939,7531,21878,1530
,,"Rate per 100,000 inhabitants",,560,5,32,170,354,3411,830,2412,169
DISTRICT OF COLUMBIA2,Metropolitan Statistical Area,,617996,,,,,,,,,
,,Area actually reporting,1,7429,108,173,4093,3055,29636,3850,21330,4456
,Cities outside metropolitan areas,,None,,,,,,,,,
,Nonmetropolitan counties,,None,,,,,,,,,
,Total,,617996,7429,108,173,4093,3055,29636,3850,21330,4456
,,"Rate per 100,000 inhabitants",,1202,18,28,662,494,4796,623,3452,721
FLORIDA,Metropolitan Statistical Area,,17931051, ,,,,, ,,,
,,Area actually reporting,1,93488,938,4976,25088,62486,641973,160797,442693,38483
,,Estimated total,1,93499,938,4976,25092,62493,642066,160818,442760,38488
,Cities outside metropolitan areas,,191511,,,,,,,,,
,,Area actually reporting,1,1374,10,82,233,1049,8449,2184,5978,287
,,Estimated total,1,1391,10,83,236,1062,8557,2212,6054,291
,Nonmetropolitan counties,,934980,,,,,,,,,
,,Area actually reporting,1,3309,36,215,294,2764,20577,7141,12594,842
,State Total,,19057542,98199,984,5274,25622,66319,671200,170171,461408,39621
,,"Rate per 100,000 inhabitants",,515,5,28,134,348,3522,893,2421,208
GEORGIA,Metropolitan Statistical Area,,7950984,,,,,,,,,
,,Area actually reporting,1,30696,477,1713,11046,17460,293471,78801,187750,26920
,,Estimated total,1,30861,479,1721,11102,17559,295307,79227,189019,27061
,Cities outside metropolitan areas,,687967,,,,,,,,,
,,Area actually reporting,1,3034,30,175,736,2093,29100,7180,21089,831
,,Estimated total,1,3506,35,202,850,2419,33624,8298,24366,960
,Nonmetropolitan counties,,1176259,,,,,,,,,
,,Area actually reporting,1,2158,38,124,187,1809,25715,7739,16592,1384
,,Estimated total,1,2267,40,130,196,1901,27021,8132,17435,1454
,State Total,,9815210,36634,554,2053,12148,21879,355952,95657,230820,29475
,,"Rate per 100,000 inhabitants",,373,6,21,124,223,3627,975,2352,300
HAWAII,Metropolitan Statistical Area,,963465,,,,,,,,,
,,Area actually reporting,1,2469,17,228,890,1334,29758,5215,21269,3274
,Cities outside metropolitan areas,,None,,,,,,,,,
,Nonmetropolitan counties,,411345,,,,,,,,,
,,Area actually reporting,0,244,0,34,25,185,2659,790,1719,150
,,Estimated total,1,1480,0,206,152,1122,16131,4793,10428,910
,State Total, ,1374810,3949,17,434,1042,2456,45889,10008,31697,4184
,,"Rate per 100,000 inhabitants",,287,1,32,76,179,3338,728,2306,304
IDAHO,Metropolitan Statistical Area,,1039576,,,,,, ,,,
,,Area actually reporting,1,2231,20,296,151,1764,23711,4765,18039,907
,,Estimated total,1,2232,20,296,151,1765,23722,4767,18048,907
,Cities outside metropolitan areas,,244961,,,,,,,,,
,,Area actually reporting,1,591,10,90,27,464,5872,1154,4486,232
,,Estimated total,1,595,10,91,27,467,5907,1161,4513,233
,Nonmetropolitan counties, ,300448,,,,,,, ,,
,,Area actually reporting,1,357,6,48,6,297,3158,992,1973,193
,State Total,,1584985,3184,36,435,184,2529,32787,6920,24534,1333
,,"Rate per 100,000 inhabitants",,201,2,27,12,160,2069,437,1548,84
ILLINOIS,Metropolitan Statistical Area,,11192664,,,,,,,,,
,,Area actually reporting,1,49258,670,2949,19439,26200,294897,65767,201983,27147
,,Estimated total,1,50871,687,3124,19887,27173,310391,68799,213754,27838
,Cities outside metropolitan areas,,919496,,,,,,,,,
,,Area actually reporting,1,2489,16,319,237,1917,19494,4398,14641,455
,,Estimated total,1,3543,23,454,337,2729,27748,6260,20840,648
,Nonmetropolitan counties,,757097,,,,,,,,,
,,Area actually reporting,1,761,10,119,27,605,7205,2455,4491,259
,,Estimated total,1,833,11,130,30,662,7886,2687,4916,283
,State Total,,12869257,55247,721,3708,20254,30564,346025,77746,239510,28769
,,"Rate per 100,000 inhabitants",,429,6,29,157,238,2689,604,1861,224
INDIANA,Metropolitan Statistical Area,,5104685,,,,,,,,,
,,Area actually reporting,1,18664,255,1361,6187,10861,163652,40866,110120,12666
,,Estimated total,1,19389,265,1440,6312,11372,173726,43199,117207,13320
,Cities outside metropolitan areas, ,510618,,,,,,,,,
,,Area actually reporting,1,848,22,117,207,502,16830,3093,12966,771
,,Estimated total,1,1011,26,139,247,599,20067,3688,15460,919
,Nonmetropolitan counties,,901619,,,,,,,,,
,,Area actually reporting,1,950,16,138,325,471,9500,2839,6214,447
,,Estimated total,1,1226,21,178,419,608,12262,3664,8021,577
,State Total,,6516922,21626,312,1757,6978,12579,206055,50551,140688,14816
,,"Rate per 100,000 inhabitants",,332,5,27,107,193,3162,776,2159,227
IOWA,Metropolitan Statistical Area,,1730732, ,,,,,,,,
,,Area actually reporting,1,5317,29,609,696,3983,49402,11370,35188,2844
,,Estimated total,1,5322,29,610,696,3987,49450,11379,35225,2846
,Cities outside metropolitan areas,,614048,,,,,,,,,
,,Area actually reporting,1,1666,8,155,106,1397,15499,3734,11067,698
,,Estimated total,1,1810,9,168,115,1518,16844,4058,12027,759
,Nonmetropolitan counties,,717529,,,,,,,,,
,,Area actually reporting,1,592,7,48,12,525,4316,1672,2362,282
,,Estimated total,1,694,8,56,14,616,5067,1963,2773,331
,State Total,,3062309,7826,46,834,825,6121,71361,17400,50025,3936
,,"Rate per 100,000 inhabitants",,256,2,27,27,200,2330,568,1634,129
KANSAS,Metropolitan Statistical Area,,1961511, ,,,,,,,,
,,Area actually reporting,1,7627,91,764,1296,5476,64037,13043,45437,5557
,,Estimated total,1,7665,91,769,1300,5505,64390,13103,45707,5580
,Cities outside metropolitan areas,,584158,,,,,,,,,
,,Area actually reporting,1,1850,13,230,139,1468,18900,3987,14132,781
,,Estimated total,1,1913,13,238,144,1518,19550,4124,14618,808
,Nonmetropolitan counties,,325569,,,,,,,,,
,,Area actually reporting,1,554,6,74,14,460,4262,1480,2508,274
,,Estimated total,1,584,6,78,15,485,4498,1562,2647,289
,State Total,,2871238,10162,110,1085,1459,7508,88438,18789,62972,6677
,,"Rate per 100,000 inhabitants",,354,4,38,51,262,3080,654,2193,233
KENTUCKY,Metropolitan Statistical Area,,2541214, ,,,,, ,,,
,,Area actually reporting,1,7887,85,778,3040,3984,83613,20924,58015,4674
,,Estimated total,1,7924,85,784,3055,4000,84118,21045,58375,4698
,Cities outside metropolitan areas,,518140,,,,,,,,,
,,Area actually reporting,1,999,11,184,382,422,17022,3916,12447,659
,,Estimated total,1,1030,11,190,394,435,17558,4039,12839,680
,Nonmetropolitan counties,,1310002,,,,,,,,,
,,Area actually reporting,1,1378,54,464,232,628,15837,7091,7517,1229
,,Estimated total,1,1452,57,489,244,662,16682,7469,7918,1295
,State Total,,4369356,10406,153,1463,3693,5097,118358,32553,79132,6673
,,"Rate per 100,000 inhabitants",,238,4,34,85,117,2709,745,1811,153
LOUISIANA,Metropolitan Statistical Area,,3411659, ,,,,, ,,,
,,Area actually reporting,1,18397,437,910,4488,12562,127086,33626,85844,7616
,,Estimated total,1,18682,440,925,4527,12790,129355,34068,87599,7688
,Cities outside metropolitan areas,,394448,,,,,,,,,
,,Area actually reporting,1,2879,31,109,384,2355,17602,5333,11811,458
,,Estimated total,1,3436,37,130,458,2811,21009,6365,14097,547
,Nonmetropolitan counties,,768729,,,,,,,,,
,,Area actually reporting,1,3226,35,209,249,2733,18040,5778,11390,872
,,Estimated total,1,3288,36,213,254,2785,18380,5887,11605,888
,State Total,,4574836,25406,513,1268,5239,18386,168744,46320,113301,9123
,,"Rate per 100,000 inhabitants",,555,11,28,115,402,3689,1013,2477,199
MAINE,Metropolitan Statistical Area,,775621,,,,,,,,,
,,Area actually reporting,1,961,16,193,293,459,20759,4679,15425,655
,Cities outside metropolitan areas,,272487,,,,,,,,,
,,Area actually reporting,1,433,7,138,65,223,8483,1650,6647,186
,Nonmetropolitan counties,,280080,,,,,,,,,
,,Area actually reporting,1,242,3,62,11,166,4567,1525,2805,237
,State Total,,1328188,1636,26,393,369,848,33809,7854,24877,1078
,,"Rate per 100,000 inhabitants",,123,2,30,28,64,2546,591,1873,81
MARYLAND,Metropolitan Statistical Area,,5514983,,,,,,,,,
,,Area actually reporting,1,27808,391,1139,10174,16104,157597,33417,108437,15743
,Cities outside metropolitan areas,,83421,,,,,,,,,
,,Area actually reporting,1,457,0,24,87,346,3952,784,3097,71
,Nonmetropolitan counties,,229885,,,,,,,,,
,,Area actually reporting,1,532,7,31,82,412,5150,1583,3313,254
,State Total,,5828289,28797,398,1194,10343,16862,166699,35784,114847,16068
,,"Rate per 100,000 inhabitants",,494,7,21,178,289,2860,614,1971,276
MASSACHUSETTS,Metropolitan Statistical Area,,6560666,,,,,,,,,
,,Area actually reporting,1,27632,183,1590,6665,19194,144601,35541,98532,10528
,,Estimated total,1,28158,185,1627,6762,19584,147980,36376,100857,10747
,Cities outside metropolitan areas,,26795,,,,,,,,,
,,Area actually reporting,1,57,0,1,5,51,810,157,614,39
,Nonmetropolitan counties,,75,,,,,,,,,
,,Area actually reporting,1,4,0,0,1,3,0,0,0,0
,State Total,,6587536,28219,185,1628,6768,19638,148790,36533,101471,10786
,,"Rate per 100,000 inhabitants",,428,3,25,103,298,2259,555,1540,164
MICHIGAN,Metropolitan Statistical Area,,8027009,,,,,,,,,
,,Area actually reporting,1,39968,577,3221,10134,26036,219831,62405,133328,24098
,,Estimated total,1,40295,577,3259,10207,26252,222823,63065,135429,24329
,Cities outside metropolitan areas,,641557,,,,,,,,,
,,Area actually reporting,1,1217,6,341,104,766,14185,2090,11701,394
,,Estimated total,1,1438,7,406,123,902,16858,2465,13921,472
,Nonmetropolitan counties,,1207621,,,,,,,,,
,,Area actually reporting,1,2078,27,630,58,1363,16901,5603,10656,642
,,Estimated total,1,2250,29,682,63,1476,18298,6066,11537,695
,State Total, ,9876187,43983,613,4347,10393,28630,257979,71596,160887,25496
,,"Rate per 100,000 inhabitants",,445,6,44,105,290,2612,725,1629,258
MINNESOTA3,Metropolitan Statistical Area,,4002202,,,,,,,,,
,,Area actually reporting,1,,62,,3251,5317,111479,20563,84086,6830
,,Estimated total,1,,62,,3256,5328,111842,20613,84384,6845
,Cities outside metropolitan areas,,512001,,,,,,,,,
,,Area actually reporting,1,,4,,105,891,14558,2317,11594,647
,,Estimated total,1,,4,,108,916,14969,2382,11922,665
,Nonmetropolitan counties,,830658,,,,,,,,,
,,Area actually reporting,1,,8,,22,453,9374,2706,6002,666
,,Estimated total,1,,8,,22,457,9453,2729,6052,672
,State Total,,5344861,11825,74,1664,3386,6701,136264,25724,102358,8182
,,"Rate per 100,000 inhabitants",,221,1,31,63,125,2549,481,1915,153
MISSISSIPPI,Metropolitan Statistical Area,,1336058, ,,,,,,,,
,,Area actually reporting,1,3742,104,370,1418,1850,41467,12629,25875,2963
,,Estimated total,1,4007,110,399,1477,2021,44845,13633,28044,3168
,Cities outside metropolitan areas,,593438,,,,,,,,,
,,Area actually reporting,1,1849,63,217,609,960,21741,7601,13351,789
,,Estimated total,1,2419,82,284,797,1256,28452,9947,17472,1033
,Nonmetropolitan counties,,1049016,,,,,,,,,
,,Area actually reporting,1,886,26,100,120,640,9250,4030,4822,398
,,Estimated total,1,1610,47,182,218,1163,16818,7327,8767,724
,State Total,,2978512,8036,239,865,2492,4440,90115,30907,54283,4925
,,"Rate per 100,000 inhabitants",,270,8,29,84,149,3026,1038,1823,165
MISSOURI,Metropolitan Statistical Area,,4481246, ,,,,,,,,
,,Area actually reporting,1,22382,311,1183,5999,14889,161124,36046,111574,13504
,Cities outside metropolitan areas,,655159,,,,,,,,,
,,Area actually reporting,1,2567,24,156,220,2167,25031,4374,19765,892
,,Estimated total,1,2578,24,157,221,2176,25130,4391,19843,896
,Nonmetropolitan counties,,874283,,,,,,,,,
,,Area actually reporting,1,1914,31,117,49,1717,12525,4349,7266,910
,,Estimated total,1,1929,31,118,49,1731,12628,4385,7326,917
,State Total,,6010688,26889,366,1458,6269,18796,198882,44822,138743,15317
,,"Rate per 100,000 inhabitants",,447,6,24,104,313,3309,746,2308,255
MONTANA1,Metropolitan Statistical Area,,351772, ,,,,,,,,
,,Area actually reporting,1,898,6,96,100,696,11329,1584,9098,647
,Cities outside metropolitan areas,,201871,,,,,,,,,
,,Area actually reporting,1,907,12,142,45,708,6677,921,5319,437
,,Estimated total,1,930,12,146,46,726,6850,945,5457,448
,Nonmetropolitan counties,,444556,,,,,,,,,
,,Area actually reporting,1,833,10,114,23,686,4917,851,3707,359
,,Estimated total,1,842,10,115,23,694,4976,861,3752,363
,State Total,,998199,2670,28,357,169,2116,23155,3390,18307,1458
,,"Rate per 100,000 inhabitants",,268,3,36,17,212,2320,340,1834,146
NEBRASKA,Metropolitan Statistical Area,,1080927,,,,,,,,,
,,Area actually reporting,1,3583,52,459,902,2170,35119,5811,25866,3442
,,Estimated total,1,3588,52,460,902,2174,35243,5836,25956,3451
,Cities outside metropolitan areas,,405148,,,,,,,,,
,,Area actually reporting,1,795,10,171,77,537,11007,1838,8758,411
,,Estimated total,1,861,11,185,83,582,11935,1993,9496,446
,Nonmetropolitan counties,,356566,,,,,,,,,
,,Area actually reporting,1,168,3,39,9,117,2761,689,1912,160
,,Estimated total,1,216,4,50,12,150,3548,885,2457,206
,State Total,,1842641,4665,67,695,997,2906,50726,8714,37909,4103
,,"Rate per 100,000 inhabitants",,253,4,38,54,158,2753,473,2057,223
NEVADA,Metropolitan Statistical Area,,2452465,,,,,,,,,
,,Area actually reporting,1,14560,121,857,4258,9324,65403,19012,37167,9224
,Cities outside metropolitan areas,,46407,,,,,,,,,
,,Area actually reporting,1,301,3,28,21,249,1468,387,981,100
,Nonmetropolitan counties,,224450,,,,,,,,,
,,Area actually reporting,1,350,13,21,16,300,2235,637,1472,126
,,Estimated total,1,448,17,27,20,384,2860,815,1884,161
,State Total,,2723322,15309,141,912,4299,9957,69731,20214,40032,9485
,,"Rate per 100,000 inhabitants",,562,5,34,158,366,2561,742,1470,348
NEW HAMPSHIRE,Metropolitan Statistical Area,,820159,,,,,,,,,
,,Area actually reporting,1,1601,9,230,351,1011,17773,3315,13847,611
,,Estimated total,1,1648,9,239,358,1042,18475,3440,14400,635
,Cities outside metropolitan areas,,445693,,,,,,,,,
,,Area actually reporting,1,702,7,156,102,437,10180,1948,7939,293
,,Estimated total,1,780,8,173,113,486,11316,2165,8825,326
,Nonmetropolitan counties,,52342,,,,,,,,,
,,Area actually reporting,0,13,0,5,1,7,88,19,66,3
,,Estimated total,1,50,0,17,3,30,315,144,158,13
,State Total,,1318194,2478,17,429,474,1558,30106,5749,23383,974
,,"Rate per 100,000 inhabitants",,188,1,33,36,118,2284,436,1774,74
NEW JERSEY,Metropolitan Statistical Area,,8821155,,,,,,,,,
,,Area actually reporting,1,27203,380,1006,12209,13608,189719,43238,129066,17415
,Cities outside metropolitan areas,,None,,,,,,,,,
,Nonmetropolitan counties,,None,,,,,,,,,
,State Total,,8821155,27203,380,1006,12209,13608,189719,43238,129066,17415
,,"Rate per 100,000 inhabitants",,308,4,11,138,154,2151,490,1463,197
NEW MEXICO,Metropolitan Statistical Area,,1385862, ,,,,, ,,,
,,Area actually reporting,1,8090,61,550,1414,6065,51271,13834,33060,4377
,Cities outside metropolitan areas,,395776,,,,,,,,,
,,Area actually reporting,1,2757,62,217,253,2225,17163,5160,11312,691
,,Estimated total,1,2816,63,222,258,2273,17532,5271,11555,706
,Nonmetropolitan counties,,300586,,,,,,,,,
,,Area actually reporting,1,859,30,80,47,702,4461,2186,1969,306
,,Estimated total,1,911,32,85,50,744,4731,2318,2088,325
,State Total,,2082224,11817,156,857,1722,9082,73534,21423,46703,5408
,,"Rate per 100,000 inhabitants",,568,8,41,83,436,3532,1029,2243,260
NEW YORK,Metropolitan Statistical Area,,17894951,,,,,,,,,
,,Area actually reporting,1,74802,753,2389,28057,43603,339446,58057,263122,18267
,,Estimated total,1,74948,754,2398,28105,43691,341125,58348,264442,18335
,Cities outside metropolitan areas,,584129,,,,,,,,,
,,Area actually reporting,1,1454,7,162,213,1072,16437,3249,12767,421
,,Estimated total,1,1488,7,166,218,1097,16823,3325,13067,431
,Nonmetropolitan counties,,986117,,,,,,,,,
,,Area actually reporting,1,1026,13,183,71,759,13918,3623,9765,530
,,Estimated total,1,1054,13,188,73,780,14307,3724,10038,545
,State Total,,19465197,77490,774,2752,28396,45568,372255,65397,287547,19311
,,"Rate per 100,000 inhabitants",,398,4,14,146,234,1912,336,1477,99
NORTH CAROLINA,Metropolitan Statistical Area,,6789371,,,,,,,,,
,,Area actually reporting,1,24351,342,1449,7419,15141,238548,70217,155841,12490
,,Estimated total,1,24542,343,1463,7468,15268,241312,70839,157889,12584
,Cities outside metropolitan areas,,876406,,,,,,,,,
,,Area actually reporting,1,4688,83,237,1373,2995,46394,12772,31991,1631
,,Estimated total,1,5032,90,255,1472,3215,49844,13729,34366,1749
,Nonmetropolitan counties,,1990624,,,,,,,,,
,,Area actually reporting,1,4076,73,269,592,3142,47940,20936,24385,2619
,,Estimated total,1,4200,75,277,610,3238,49406,21576,25131,2699
,State Total,,9656401,33774,508,1995,9550,21721,340562,106144,217386,17032
,,"Rate per 100,000 inhabitants",,350,5,21,99,225,3527,1099,2251,176
NORTH DAKOTA,Metropolitan Statistical Area,,330907, ,,,,,,,,
,,Area actually reporting,1,847,4,126,75,642,7866,1350,6077,439
,,Estimated total,1,850,4,126,75,645,7911,1356,6113,442
,Cities outside metropolitan areas,,158858,,,,,,,,,
,,Area actually reporting,1,640,18,102,12,508,3624,635,2637,352
,,Estimated total,1,692,19,110,13,550,3921,687,2853,381
,Nonmetropolitan counties,,194167,,,,,,,,,
,,Area actually reporting,1,143,1,22,3,117,1375,379,843,153
,,Estimated total,1,147,1,23,3,120,1414,390,867,157
,State Total,,683932,1689,24,259,91,1315,13246,2433,9833,980
,,"Rate per 100,000 inhabitants",,247,4,38,13,192,1937,356,1438,143
OHIO,Metropolitan Statistical Area,,9306231,,,,,,,,,
,,Area actually reporting,1,31971,460,3056,15096,13359,315457,94459,202074,18924
,,Estimated total,1,32718,467,3165,15384,13702,328935,97271,212255,19409
,Cities outside metropolitan areas,,950318,,,,,,,,,
,,Area actually reporting,1,1348,17,253,436,642,29831,6436,22709,686
,,Estimated total,1,1697,21,319,549,808,37563,8104,28595,864
,Nonmetropolitan counties,,1288402,,,,,,,,,
,,Area actually reporting,1,981,23,135,114,709,19074,6726,11619,729
,,Estimated total,1,1069,25,147,124,773,20799,7334,12670,795
,State Total,,11544951,35484,513,3631,16057,15283,387297,112709,253520,21068
,,"Rate per 100,000 inhabitants",,307,4,32,139,132,3355,976,2196,183
OKLAHOMA,Metropolitan Statistical Area,,2433110,,,,,,,,,
,,Area actually reporting,1,13040,153,996,2929,8962,94681,27394,58252,9035
,Cities outside metropolitan areas,,727258,,,,,,,,,
,,Area actually reporting,1,3103,26,292,319,2466,24848,6197,17371,1280
,,Estimated total,1,3106,26,292,319,2469,24876,6204,17391,1281
,Nonmetropolitan counties,,631140,,,,,,,,,
,,Area actually reporting,1,1097,29,115,34,919,7695,2743,4237,715
,State Total,,3791508,17243,208,1403,3282,12350,127252,36341,79880,11031
,,"Rate per 100,000 inhabitants",,455,6,37,87,326,3356,959,2107,291
OREGON,Metropolitan Statistical Area,,3010261,,,,,,,,,
,,Area actually reporting,1,7941,64,913,1990,4974,96145,15353,73288,7504
,,Estimated total,1,7983,64,919,1997,5003,96676,15462,73672,7542
,Cities outside metropolitan areas,,410825,,,,,,,,,
,,Area actually reporting,1,968,8,187,175,598,16581,2843,12962,776
,,Estimated total,1,983,8,190,178,607,16832,2886,13158,788
,Nonmetropolitan counties,,450773,,,,,,,,,
,,Area actually reporting,1,612,10,107,46,449,6997,2074,4215,708
,,Estimated total,1,620,10,108,47,455,7086,2100,4269,717
,State Total,,3871859,9586,82,1217,2222,6065,120594,20448,91099,9047
,,"Rate per 100,000 inhabitants",,248,2,31,57,157,3115,528,2353,234
PENNSYLVANIA,Metropolitan Statistical Area,,10719812,,,,,,,,,
,,Area actually reporting,1,41266,597,2737,15525,22407,246517,49104,181844,15569
,,Estimated total,1,41434,597,2750,15571,22516,248136,49369,183138,15629
,Cities outside metropolitan areas,,958036,,,,,,,,,
,,Area actually reporting,1,2166,14,194,354,1604,18704,3542,14698,464
,,Estimated total,1,2297,15,206,375,1701,19835,3756,15587,492
,Nonmetropolitan counties,,1065038,,,,,,,,,
,,Area actually reporting,1,1509,25,368,185,931,15208,4725,9760,723
,State Total,,12742886,45240,637,3324,16131,25148,283179,57850,208485,16844
,,"Rate per 100,000 inhabitants",,355,5,26,127,197,2222,454,1636,132
PUERTO RICO,Metropolitan Statistical Area,,3515571,,,,,,,,,
,,Area actually reporting,1,10127,1100,42,6305,2680,48976,15461,27756,5759
,Cities outside metropolitan areas,,191119,,,,,,,,,
,,Area actually reporting,1,413,36,3,160,214,2741,1130,1517,94
,Total,,3706690,10540,1136,45,6465,2894,51717,16591,29273,5853
,,"Rate per 100,000 inhabitants",,284,31,1,174,78,1395,448,790,158
RHODE ISLAND,Metropolitan Statistical Area,,1051302,,,,,,,,,
,,Area actually reporting,1,2596,13,301,746,1536,28092,6962,18879,2251
,Cities outside metropolitan areas,,None,,,,,,,,,
,Nonmetropolitan counties,,None,,,,,,,,,
,,Area actually reporting,1,6,1,3,0,2,49,2,11,36
,State Total,,1051302,2602,14,304,746,1538,28141,6964,18890,2287
,,"Rate per 100,000 inhabitants",,248,1,29,71,146,2677,662,1797,218
SOUTH CAROLINA,Metropolitan Statistical Area,,3577275,,,,,, ,,,
,,Area actually reporting,1,19404,232,1256,3404,14512,139810,34553,94178,11079
,,Estimated total,1,19429,232,1257,3408,14532,140023,34594,94339,11090
,Cities outside metropolitan areas,,283043,,,,,,,,,
,,Area actually reporting,1,2743,34,101,472,2136,15678,3752,11322,604
,,Estimated total,1,2803,35,103,482,2183,16023,3835,11571,617
,Nonmetropolitan counties,,818912,,,,,,,,,
,,Area actually reporting,1,4528,53,252,423,3800,26639,8492,16190,1957
,State Total,,4679230,26760,320,1612,4313,20515,182685,46921,122100,13664
,,"Rate per 100,000 inhabitants",,572,7,35,92,438,3904,1003,2609,292
SOUTH DAKOTA,Metropolitan Statistical Area,,373529, ,,,,,,,,
,,Area actually reporting,1,1018,9,254,135,620,9321,1821,6996,504
,,Estimated total,1,1022,9,255,135,623,9386,1831,7049,506
,Cities outside metropolitan areas,,217574,,,,,,,,,
,,Area actually reporting,1,819,8,173,26,612,4080,676,3106,298
,,Estimated total,1,914,9,193,29,683,4557,755,3469,333
,Nonmetropolitan counties,,232979,,,,,,,,,
,,Area actually reporting,1,124,2,38,2,82,814,246,484,84
,,Estimated total,1,158,3,48,3,104,1036,313,616,107
,State Total,,824082,2094,21,496,167,1410,14979,2899,11134,946
,,"Rate per 100,000 inhabitants",,254,3,60,20,171,1818,352,1351,115
TENNESSEE,Metropolitan Statistical Area,,4701796, ,,,,,,,,
,,Area actually reporting,1,32191,310,1622,7435,22824,178899,47425,120148,11326
,Cities outside metropolitan areas,,605926,,,,,,,,,
,,Area actually reporting,1,3728,28,219,483,2998,27974,6567,20384,1023
,Nonmetropolitan counties,,1095631,,,,,,,,,
,,Area actually reporting,1,3025,35,183,163,2644,23388,8757,12944,1687
,State Total,,6403353,38944,373,2024,8081,28466,230261,62749,153476,14036
,,"Rate per 100,000 inhabitants",,608,6,32,126,445,3596,980,2397,219
TEXAS,Metropolitan Statistical Area,,22549888,,,,,,,,,
,,Area actually reporting,1,95634,1018,6544,27626,60446,821834,194265,567433,60136
,,Estimated total,1,95657,1018,6545,27632,60462,822133,194327,567652,60154
,Cities outside metropolitan areas,,1436594,,,,,,,,,
,,Area actually reporting,1,6026,50,552,617,4807,44367,11492,31274,1601
,,Estimated total,1,6060,50,556,618,4836,44599,11556,31437,1606
,Nonmetropolitan counties,,1688199,,,,,,,,,
,,Area actually reporting,1,3108,57,333,143,2575,24388,9197,13637,1554
,,Estimated total,1,3156,58,338,145,2615,24767,9340,13849,1578
,State Total,,25674681,104873,1126,7439,28395,67913,891499,215223,612938,63338
,,"Rate per 100,000 inhabitants",,409,4,29,111,265,3472,838,2387,247
UTAH,Metropolitan Statistical Area,,2496222,,,,,,,,,
,,Area actually reporting,1,4992,39,757,1059,3137,77046,11637,59509,5900
,,Estimated total,1,4992,39,757,1059,3137,77058,11639,59518,5901
,Cities outside metropolitan areas,,160485,,,,,,,,,
,,Area actually reporting,1,237,9,62,13,153,3773,746,2895,132
,,Estimated total,1,272,10,71,15,176,4346,859,3335,152
,Nonmetropolitan counties,,160515,,,,,,,,,
,,Area actually reporting,1,200,4,23,6,167,2052,544,1395,113
,,Estimated total,1,230,5,26,7,192,2354,624,1600,130
,State Total,,2817222,5494,54,854,1081,3505,83758,13122,64453,6183
,,"Rate per 100,000 inhabitants",,195,2,30,38,124,2973,466,2288,220
VERMONT,Metropolitan Statistical Area,,211494,,,,,,,,,
,,Area actually reporting,1,363,3,48,36,276,5530,954,4400,176
,Cities outside metropolitan areas,,204085,,,,,,,,,
,,Area actually reporting,1,282,1,37,39,205,5206,1100,3963,143
,,Estimated total,1,291,1,38,40,212,5394,1140,4106,148
,Nonmetropolitan counties,,210852,, ,,,,,,,
,,Area actually reporting,1,189,4,32,9,144,3472,1519,1781,172
,,Estimated total,1,193,4,33,9,147,3540,1549,1816,175
,State Total,,626431,847,8,119,85,635,14464,3643,10322,499
,,"Rate per 100,000 inhabitants",,135,1,19,14,101,2309,582,1648,80
VIRGINIA,Metropolitan Statistical Area,,6969785,,,,,,,,,
,,Area actually reporting,1,14174,250,1292,5156,7476,161299,26268,126341,8690
,Cities outside metropolitan areas,,281010,,,,,,,,,
,,Area actually reporting,1,663,9,78,154,422,8425,1220,6895,310
,,Estimated total,1,685,9,81,159,436,8700,1260,7120,320
,Nonmetropolitan counties,,845809,,,,,,,,,
,,Area actually reporting,1,1064,44,163,115,742,12142,3069,8359,714
,State Total,,8096604,15923,303,1536,5430,8654,182141,30597,141820,9724
,,"Rate per 100,000 inhabitants",,197,4,19,67,107,2250,378,1752,120
WASHINGTON,Metropolitan Statistical Area,,5992954,,,,,,,,,
,,Area actually reporting,1,18220,137,1985,5411,10687,218883,49668,146028,23187
,,Estimated total,1,18222,137,1985,5412,10688,218920,49675,146054,23191
,Cities outside metropolitan areas,,345464,,,,,,,,,
,,Area actually reporting,1,1215,12,198,178,827,15169,3314,10935,920
,,Estimated total,1,1240,12,202,182,844,15481,3382,11160,939
,Nonmetropolitan counties,,491620,,,,,,,,,
,,Area actually reporting,1,659,13,103,44,499,9745,3475,5565,705
,State Total,,6830038,20121,162,2290,5638,12031,244146,56532,162779,24835
,,"Rate per 100,000 inhabitants",,295,2,34,83,176,3575,828,2383,364
WEST VIRGINIA,Metropolitan Statistical Area,,1034072,,,,,,,,,
,,Area actually reporting,1,3401,33,247,607,2514,24817,6716,16785,1316
,,Estimated total,1,3610,36,260,636,2678,26713,7113,18193,1407
,Cities outside metropolitan areas,,224618,,,,,,,,,
,,Area actually reporting,1,689,2,41,131,515,4993,982,3817,194
,,Estimated total,1,936,3,56,178,699,6776,1333,5180,263
,Nonmetropolitan counties,,596674,,,,,,,,,
,,Area actually reporting,1,1206,38,66,88,1014,7979,2518,4925,536
,,Estimated total,1,1315,41,72,96,1106,8700,2746,5370,584
,State Total,,1855364,5861,80,388,910,4483,42189,11192,28743,2254
,,"Rate per 100,000 inhabitants",,316,4,21,49,242,2274,603,1549,122
WISCONSIN,Metropolitan Statistical Area,,4160131,,,,,,,,,
,,Area actually reporting,1,11630,123,896,4343,6268,108970,20568,81145,7257
,,Estimated total,1,11685,123,903,4357,6302,110002,20704,82011,7287
,Cities outside metropolitan areas,,655218,,,,,,,,,
,,Area actually reporting,1,1083,5,156,78,844,17383,2314,14636,433
,,Estimated total,1,1152,5,166,83,898,18498,2462,15575,461
,Nonmetropolitan counties,,896418,,,,,,,,,
,,Area actually reporting,1,695,8,94,29,564,10449,3488,6477,484
,State Total,,5711767,13532,136,1163,4469,7764,138949,26654,104063,8232
,,"Rate per 100,000 inhabitants",,237,2,20,78,136,2433,467,1822,144
WYOMING,Metropolitan Statistical Area,,168530, ,,,,, ,,,
,,Area actually reporting,1,414,4,55,53,302,4997,798,4004,195
,Cities outside metropolitan areas,,239560,,,,,,,,,
,,Area actually reporting,1,621,12,73,16,520,6279,737,5307,235
,,Estimated total,1,639,12,75,16,536,6472,760,5470,242
,Nonmetropolitan counties,,160068,, ,, ,,,,,
,,Area actually reporting,1,193,2,16,2,173,1408,305,1019,84
,State Total,,568158,1246,18,146,71,1011,12877,1863,10493,521
,,"Rate per 100,000 inhabitants",,219,3,26,13,178,2266,328,1847,92
"1 Because of changes in the state's reporting practices, figures are not comparable to previous years' data.",,,,,,,,,,,,
2 Includes offenses reported by the Zoological Police and the Metro Transit Police.,,,,,,,,,,,,
"3 The data collection methodology for the offense of forcible rape used by the Minnesota state Uniform Crime Reporting (UCR) Program (with the exception of Minneapolis and St. Paul, Minnesota) does not comply with national UCR Program guidelines.  Consequently, its figures for forcible rape and violent crime (of which forcible rape is a part) are not published in this table.",,,,,,,,,,,,
"NOTE:  Although arson data are included in the trend and clearance tables, sufficient data are not available to estimate totals for this offense.  Therefore, no arson data are published in this table.",,,,,,,,,,,,
