Sex,Race,State,Ethnicity,Age Group,First Year,Last Year,Cause of Death,Year,Deaths,Population,Crude Rate,Age-Adjusted Rate
Both Sexes,All Races,Alabama,Both,All Ages,2010,2016,Suicide Firearm,2010,454,4779745,9.5,9.241402804
Both Sexes,All Races,Alabama,Both,All Ages,2010,2016,Suicide Firearm,2011,452,4799918,9.42,8.954798583
Both Sexes,All Races,Alabama,Both,All Ages,2010,2016,Suicide Firearm,2012,500,4815960,10.38,9.9739866
Both Sexes,All Races,Alabama,Both,All Ages,2010,2016,Suicide Firearm,2013,504,4829479,10.44,9.818932376
Both Sexes,All Races,Alabama,Both,All Ages,2010,2016,Suicide Firearm,2014,479,4843214,9.89,9.514709144
Both Sexes,All Races,Alabama,Both,All Ages,2010,2016,Suicide Firearm,2015,528,4853875,10.88,10.35193814
Both Sexes,All Races,Alabama,Both,All Ages,2010,2016,Suicide Firearm,2016,550,4863300,11.31,10.69148914
Both Sexes,All Races,Alabama,Both,All Ages,2010,2016,Suicide Firearm,,3467,33785491,10.26,.
Both Sexes,All Races,Alaska,Both,All Ages,2010,2016,Suicide Firearm,2010,107,710231,15.07,15.43341482
Both Sexes,All Races,Alaska,Both,All Ages,2010,2016,Suicide Firearm,2011,99,722713,13.7,13.48250154
Both Sexes,All Races,Alaska,Both,All Ages,2010,2016,Suicide Firearm,2012,98,731089,13.4,13.24240753
Both Sexes,All Races,Alaska,Both,All Ages,2010,2016,Suicide Firearm,2013,120,736879,16.28,16.64465907
Both Sexes,All Races,Alaska,Both,All Ages,2010,2016,Suicide Firearm,2014,115,736705,15.61,15.31425654
Both Sexes,All Races,Alaska,Both,All Ages,2010,2016,Suicide Firearm,2015,123,737709,16.67,16.51678523
Both Sexes,All Races,Alaska,Both,All Ages,2010,2016,Suicide Firearm,2016,113,741894,15.23,14.44225426
Both Sexes,All Races,Alaska,Both,All Ages,2010,2016,Suicide Firearm,,775,5117220,15.14,.
Both Sexes,All Races,Arizona,Both,All Ages,2010,2016,Suicide Firearm,2010,620,6392015,9.7,9.534744802
Both Sexes,All Races,Arizona,Both,All Ages,2010,2016,Suicide Firearm,2011,674,6467163,10.42,10.10896316
Both Sexes,All Races,Arizona,Both,All Ages,2010,2016,Suicide Firearm,2012,663,6549634,10.12,9.677990053
Both Sexes,All Races,Arizona,Both,All Ages,2010,2016,Suicide Firearm,2013,655,6624617,9.89,9.660131033
Both Sexes,All Races,Arizona,Both,All Ages,2010,2016,Suicide Firearm,2014,683,6719993,10.16,9.657751701
Both Sexes,All Races,Arizona,Both,All Ages,2010,2016,Suicide Firearm,2015,707,6817565,10.37,9.835085063
Both Sexes,All Races,Arizona,Both,All Ages,2010,2016,Suicide Firearm,2016,755,6931071,10.89,10.15203638
Both Sexes,All Races,Arizona,Both,All Ages,2010,2016,Suicide Firearm,,4757,46502058,10.23,.
Both Sexes,All Races,Arkansas,Both,All Ages,2010,2016,Suicide Firearm,2010,266,2915919,9.12,9.003815042
Both Sexes,All Races,Arkansas,Both,All Ages,2010,2016,Suicide Firearm,2011,299,2939493,10.17,10.19994728
Both Sexes,All Races,Arkansas,Both,All Ages,2010,2016,Suicide Firearm,2012,307,2950685,10.4,10.1268457
Both Sexes,All Races,Arkansas,Both,All Ages,2010,2016,Suicide Firearm,2013,322,2958663,10.88,10.5112753
Both Sexes,All Races,Arkansas,Both,All Ages,2010,2016,Suicide Firearm,2014,323,2966912,10.89,10.37615811
Both Sexes,All Races,Arkansas,Both,All Ages,2010,2016,Suicide Firearm,2015,342,2977853,11.48,10.78484564
Both Sexes,All Races,Arkansas,Both,All Ages,2010,2016,Suicide Firearm,2016,331,2988248,11.08,10.38055725
Both Sexes,All Races,Arkansas,Both,All Ages,2010,2016,Suicide Firearm,,2190,20697773,10.58,.
Both Sexes,All Races,California,Both,All Ages,2010,2016,Suicide Firearm,2010,1492,37253956,4,3.965994986
Both Sexes,All Races,California,Both,All Ages,2010,2016,Suicide Firearm,2011,1564,37676861,4.15,4.059425962
Both Sexes,All Races,California,Both,All Ages,2010,2016,Suicide Firearm,2012,1549,38011074,4.08,3.990584076
Both Sexes,All Races,California,Both,All Ages,2010,2016,Suicide Firearm,2013,1571,38335203,4.1,3.95395703
Both Sexes,All Races,California,Both,All Ages,2010,2016,Suicide Firearm,2014,1582,38680810,4.09,3.911693862
Both Sexes,All Races,California,Both,All Ages,2010,2016,Suicide Firearm,2015,1559,38993940,4,3.799365952
Both Sexes,All Races,California,Both,All Ages,2010,2016,Suicide Firearm,2016,1595,39250017,4.06,3.863205646
Both Sexes,All Races,California,Both,All Ages,2010,2016,Suicide Firearm,,10912,268201861,4.07,.
Both Sexes,All Races,Colorado,Both,All Ages,2010,2016,Suicide Firearm,2010,427,5029196,8.49,8.192777401
Both Sexes,All Races,Colorado,Both,All Ages,2010,2016,Suicide Firearm,2011,443,5118360,8.66,8.374922932
Both Sexes,All Races,Colorado,Both,All Ages,2010,2016,Suicide Firearm,2012,533,5189867,10.27,9.798097557
Both Sexes,All Races,Colorado,Both,All Ages,2010,2016,Suicide Firearm,2013,489,5267603,9.28,9.021310366
Both Sexes,All Races,Colorado,Both,All Ages,2010,2016,Suicide Firearm,2014,539,5349648,10.08,9.875794711
Both Sexes,All Races,Colorado,Both,All Ages,2010,2016,Suicide Firearm,2015,541,5448819,9.93,9.667714577
Both Sexes,All Races,Colorado,Both,All Ages,2010,2016,Suicide Firearm,2016,613,5540545,11.06,10.73278519
Both Sexes,All Races,Colorado,Both,All Ages,2010,2016,Suicide Firearm,,3585,36944038,9.7,.
Both Sexes,All Races,Connecticut,Both,All Ages,2010,2016,Suicide Firearm,2010,110,3574097,3.08,2.918702377
Both Sexes,All Races,Connecticut,Both,All Ages,2010,2016,Suicide Firearm,2011,111,3589893,3.09,2.850672462
Both Sexes,All Races,Connecticut,Both,All Ages,2010,2016,Suicide Firearm,2012,111,3593795,3.09,2.926939465
Both Sexes,All Races,Connecticut,Both,All Ages,2010,2016,Suicide Firearm,2013,92,3596003,2.56,2.454264053
Both Sexes,All Races,Connecticut,Both,All Ages,2010,2016,Suicide Firearm,2014,125,3591873,3.48,3.123630312
Both Sexes,All Races,Connecticut,Both,All Ages,2010,2016,Suicide Firearm,2015,104,3584730,2.9,2.72999761
Both Sexes,All Races,Connecticut,Both,All Ages,2010,2016,Suicide Firearm,2016,110,3576452,3.08,2.725423437
Both Sexes,All Races,Connecticut,Both,All Ages,2010,2016,Suicide Firearm,,763,25106843,3.04,.
Both Sexes,All Races,Delaware,Both,All Ages,2010,2016,Suicide Firearm,2010,43,897934,4.79,4.754667332
Both Sexes,All Races,Delaware,Both,All Ages,2010,2016,Suicide Firearm,2011,46,907924,5.07,4.644027519
Both Sexes,All Races,Delaware,Both,All Ages,2010,2016,Suicide Firearm,2012,46,916993,5.02,4.855901039
Both Sexes,All Races,Delaware,Both,All Ages,2010,2016,Suicide Firearm,2013,60,925395,6.48,5.941413293
Both Sexes,All Races,Delaware,Both,All Ages,2010,2016,Suicide Firearm,2014,59,934948,6.31,5.943040962
Both Sexes,All Races,Delaware,Both,All Ages,2010,2016,Suicide Firearm,2015,55,944076,5.83,5.51383722
Both Sexes,All Races,Delaware,Both,All Ages,2010,2016,Suicide Firearm,2016,65,952065,6.83,5.874584688
Both Sexes,All Races,Delaware,Both,All Ages,2010,2016,Suicide Firearm,,374,6479335,5.77,.
Both Sexes,All Races,District of Columbia,Both,All Ages,2010,2016,Suicide Firearm,2010,13,601723,2.16,2.198561445
Both Sexes,All Races,District of Columbia,Both,All Ages,2010,2016,Suicide Firearm,2011,P,620477,.,.
Both Sexes,All Races,District of Columbia,Both,All Ages,2010,2016,Suicide Firearm,2012,10,635327,1.57,1.575596982
Both Sexes,All Races,District of Columbia,Both,All Ages,2010,2016,Suicide Firearm,2013,P,649165,.,.
Both Sexes,All Races,District of Columbia,Both,All Ages,2010,2016,Suicide Firearm,2014,14,659005,2.12,1.985317027
Both Sexes,All Races,District of Columbia,Both,All Ages,2010,2016,Suicide Firearm,2015,11,670377,1.64,1.488142181
Both Sexes,All Races,District of Columbia,Both,All Ages,2010,2016,Suicide Firearm,2016,P,681170,.,.
Both Sexes,All Races,District of Columbia,Both,All Ages,2010,2016,Suicide Firearm,,66,4517244,1.46,.
Both Sexes,All Races,Florida,Both,All Ages,2010,2016,Suicide Firearm,2010,1454,18802690,7.73,6.882001661
Both Sexes,All Races,Florida,Both,All Ages,2010,2016,Suicide Firearm,2011,1490,19096952,7.8,6.975959315
Both Sexes,All Races,Florida,Both,All Ages,2010,2016,Suicide Firearm,2012,1550,19344156,8.01,7.099891854
Both Sexes,All Races,Florida,Both,All Ages,2010,2016,Suicide Firearm,2013,1566,19582022,8,7.078108688
Both Sexes,All Races,Florida,Both,All Ages,2010,2016,Suicide Firearm,2014,1538,19888741,7.73,6.79816974
Both Sexes,All Races,Florida,Both,All Ages,2010,2016,Suicide Firearm,2015,1630,20244914,8.05,7.041904784
Both Sexes,All Races,Florida,Both,All Ages,2010,2016,Suicide Firearm,2016,1672,20612439,8.11,7.097251563
Both Sexes,All Races,Florida,Both,All Ages,2010,2016,Suicide Firearm,,10900,137571914,7.92,.
Both Sexes,All Races,Georgia,Both,All Ages,2010,2016,Suicide Firearm,2010,718,9687663,7.41,7.450392417
Both Sexes,All Races,Georgia,Both,All Ages,2010,2016,Suicide Firearm,2011,742,9811610,7.56,7.529728832
Both Sexes,All Races,Georgia,Both,All Ages,2010,2016,Suicide Firearm,2012,750,9914668,7.56,7.470119327
Both Sexes,All Races,Georgia,Both,All Ages,2010,2016,Suicide Firearm,2013,747,9984938,7.48,7.388016913
Both Sexes,All Races,Georgia,Both,All Ages,2010,2016,Suicide Firearm,2014,841,10087231,8.34,8.21094456
Both Sexes,All Races,Georgia,Both,All Ages,2010,2016,Suicide Firearm,2015,823,10199398,8.07,7.945051146
Both Sexes,All Races,Georgia,Both,All Ages,2010,2016,Suicide Firearm,2016,871,10310371,8.45,8.090125371
Both Sexes,All Races,Georgia,Both,All Ages,2010,2016,Suicide Firearm,,5492,69995879,7.85,.
Both Sexes,All Races,Hawaii,Both,All Ages,2010,2016,Suicide Firearm,2010,37,1360301,2.72,2.557174938
Both Sexes,All Races,Hawaii,Both,All Ages,2010,2016,Suicide Firearm,2011,42,1377864,3.05,2.950519201
Both Sexes,All Races,Hawaii,Both,All Ages,2010,2016,Suicide Firearm,2012,43,1391820,3.09,2.783847135
Both Sexes,All Races,Hawaii,Both,All Ages,2010,2016,Suicide Firearm,2013,28,1406481,1.99,1.847642431
Both Sexes,All Races,Hawaii,Both,All Ages,2010,2016,Suicide Firearm,2014,33,1416349,2.33,2.175273926
Both Sexes,All Races,Hawaii,Both,All Ages,2010,2016,Suicide Firearm,2015,44,1425157,3.09,2.779470563
Both Sexes,All Races,Hawaii,Both,All Ages,2010,2016,Suicide Firearm,2016,37,1428557,2.59,2.426239831
Both Sexes,All Races,Hawaii,Both,All Ages,2010,2016,Suicide Firearm,,264,9806529,2.69,.
Both Sexes,All Races,Idaho,Both,All Ages,2010,2016,Suicide Firearm,2010,182,1567652,11.61,11.65269726
Both Sexes,All Races,Idaho,Both,All Ages,2010,2016,Suicide Firearm,2011,167,1584143,10.54,10.77327382
Both Sexes,All Races,Idaho,Both,All Ages,2010,2016,Suicide Firearm,2012,176,1595911,11.03,11.14345437
Both Sexes,All Races,Idaho,Both,All Ages,2010,2016,Suicide Firearm,2013,200,1612011,12.41,12.37153747
Both Sexes,All Races,Idaho,Both,All Ages,2010,2016,Suicide Firearm,2014,182,1633532,11.14,11.09515931
Both Sexes,All Races,Idaho,Both,All Ages,2010,2016,Suicide Firearm,2015,215,1652828,13.01,12.9429328
Both Sexes,All Races,Idaho,Both,All Ages,2010,2016,Suicide Firearm,2016,215,1683140,12.77,12.78695874
Both Sexes,All Races,Idaho,Both,All Ages,2010,2016,Suicide Firearm,,1337,11329217,11.8,.
Both Sexes,All Races,Illinois,Both,All Ages,2010,2016,Suicide Firearm,2010,442,12830632,3.44,3.343409038
Both Sexes,All Races,Illinois,Both,All Ages,2010,2016,Suicide Firearm,2011,461,12860012,3.58,3.443708809
Both Sexes,All Races,Illinois,Both,All Ages,2010,2016,Suicide Firearm,2012,490,12870798,3.81,3.614513536
Both Sexes,All Races,Illinois,Both,All Ages,2010,2016,Suicide Firearm,2013,496,12879505,3.85,3.648127076
Both Sexes,All Races,Illinois,Both,All Ages,2010,2016,Suicide Firearm,2014,533,12867544,4.14,3.958350775
Both Sexes,All Races,Illinois,Both,All Ages,2010,2016,Suicide Firearm,2015,495,12839047,3.86,3.684293751
Both Sexes,All Races,Illinois,Both,All Ages,2010,2016,Suicide Firearm,2016,506,12801539,3.95,3.725328406
Both Sexes,All Races,Illinois,Both,All Ages,2010,2016,Suicide Firearm,,3423,89949077,3.81,.
Both Sexes,All Races,Indiana,Both,All Ages,2010,2016,Suicide Firearm,2010,455,6483800,7.02,6.824040854
Both Sexes,All Races,Indiana,Both,All Ages,2010,2016,Suicide Firearm,2011,411,6516480,6.31,6.157254709
Both Sexes,All Races,Indiana,Both,All Ages,2010,2016,Suicide Firearm,2012,513,6537743,7.85,7.656791633
Both Sexes,All Races,Indiana,Both,All Ages,2010,2016,Suicide Firearm,2013,523,6569102,7.96,7.791038299
Both Sexes,All Races,Indiana,Both,All Ages,2010,2016,Suicide Firearm,2014,528,6595233,8.01,7.805155266
Both Sexes,All Races,Indiana,Both,All Ages,2010,2016,Suicide Firearm,2015,517,6612768,7.82,7.585278679
Both Sexes,All Races,Indiana,Both,All Ages,2010,2016,Suicide Firearm,2016,591,6633053,8.91,8.523856556
Both Sexes,All Races,Indiana,Both,All Ages,2010,2016,Suicide Firearm,,3538,45948179,7.7,.
Both Sexes,All Races,Iowa,Both,All Ages,2010,2016,Suicide Firearm,2010,177,3046857,5.81,5.592583846
Both Sexes,All Races,Iowa,Both,All Ages,2010,2016,Suicide Firearm,2011,185,3065223,6.04,5.946474971
Both Sexes,All Races,Iowa,Both,All Ages,2010,2016,Suicide Firearm,2012,175,3076310,5.69,5.616034836
Both Sexes,All Races,Iowa,Both,All Ages,2010,2016,Suicide Firearm,2013,221,3091930,7.15,6.86263847
Both Sexes,All Races,Iowa,Both,All Ages,2010,2016,Suicide Firearm,2014,194,3108030,6.24,5.870140671
Both Sexes,All Races,Iowa,Both,All Ages,2010,2016,Suicide Firearm,2015,193,3121997,6.18,5.841620923
Both Sexes,All Races,Iowa,Both,All Ages,2010,2016,Suicide Firearm,2016,228,3134693,7.27,7.216930746
Both Sexes,All Races,Iowa,Both,All Ages,2010,2016,Suicide Firearm,,1373,21645040,6.34,.
Both Sexes,All Races,Kansas,Both,All Ages,2010,2016,Suicide Firearm,2010,210,2853116,7.36,7.224123841
Both Sexes,All Races,Kansas,Both,All Ages,2010,2016,Suicide Firearm,2011,233,2869503,8.12,7.944654596
Both Sexes,All Races,Kansas,Both,All Ages,2010,2016,Suicide Firearm,2012,297,2885262,10.29,10.19226882
Both Sexes,All Races,Kansas,Both,All Ages,2010,2016,Suicide Firearm,2013,241,2892821,8.33,8.040892594
Both Sexes,All Races,Kansas,Both,All Ages,2010,2016,Suicide Firearm,2014,238,2899360,8.21,8.101488524
Both Sexes,All Races,Kansas,Both,All Ages,2010,2016,Suicide Firearm,2015,224,2906721,7.71,7.601833445
Both Sexes,All Races,Kansas,Both,All Ages,2010,2016,Suicide Firearm,2016,257,2907289,8.84,8.775027518
Both Sexes,All Races,Kansas,Both,All Ages,2010,2016,Suicide Firearm,,1700,20214072,8.41,.
Both Sexes,All Races,Kentucky,Both,All Ages,2010,2016,Suicide Firearm,2010,404,4339357,9.31,8.944723165
Both Sexes,All Races,Kentucky,Both,All Ages,2010,2016,Suicide Firearm,2011,453,4369354,10.37,10.07872138
Both Sexes,All Races,Kentucky,Both,All Ages,2010,2016,Suicide Firearm,2012,469,4384799,10.7,10.24081842
Both Sexes,All Races,Kentucky,Both,All Ages,2010,2016,Suicide Firearm,2013,453,4400477,10.29,9.675372512
Both Sexes,All Races,Kentucky,Both,All Ages,2010,2016,Suicide Firearm,2014,470,4413057,10.65,10.11987215
Both Sexes,All Races,Kentucky,Both,All Ages,2010,2016,Suicide Firearm,2015,499,4424611,11.28,10.70352818
Both Sexes,All Races,Kentucky,Both,All Ages,2010,2016,Suicide Firearm,2016,495,4436974,11.16,10.84121394
Both Sexes,All Races,Kentucky,Both,All Ages,2010,2016,Suicide Firearm,,3243,30768629,10.54,.
Both Sexes,All Races,Louisiana,Both,All Ages,2010,2016,Suicide Firearm,2010,385,4533372,8.49,8.51865605
Both Sexes,All Races,Louisiana,Both,All Ages,2010,2016,Suicide Firearm,2011,377,4575404,8.24,8.160944333
Both Sexes,All Races,Louisiana,Both,All Ages,2010,2016,Suicide Firearm,2012,375,4603429,8.15,8.153563138
Both Sexes,All Races,Louisiana,Both,All Ages,2010,2016,Suicide Firearm,2013,408,4626402,8.82,8.645610827
Both Sexes,All Races,Louisiana,Both,All Ages,2010,2016,Suicide Firearm,2014,444,4647880,9.55,9.187352402
Both Sexes,All Races,Louisiana,Both,All Ages,2010,2016,Suicide Firearm,2015,468,4668960,10.02,9.773592321
Both Sexes,All Races,Louisiana,Both,All Ages,2010,2016,Suicide Firearm,2016,440,4681666,9.4,9.089773549
Both Sexes,All Races,Louisiana,Both,All Ages,2010,2016,Suicide Firearm,,2897,32337113,8.96,.
Both Sexes,All Races,Maine,Both,All Ages,2010,2016,Suicide Firearm,2010,95,1328361,7.15,6.470560619
Both Sexes,All Races,Maine,Both,All Ages,2010,2016,Suicide Firearm,2011,113,1328231,8.51,7.64033858
Both Sexes,All Races,Maine,Both,All Ages,2010,2016,Suicide Firearm,2012,112,1328895,8.43,7.565128548
Both Sexes,All Races,Maine,Both,All Ages,2010,2016,Suicide Firearm,2013,137,1329076,10.31,9.401137677
Both Sexes,All Races,Maine,Both,All Ages,2010,2016,Suicide Firearm,2014,116,1330719,8.72,7.978641197
Both Sexes,All Races,Maine,Both,All Ages,2010,2016,Suicide Firearm,2015,128,1329453,9.63,8.647376577
Both Sexes,All Races,Maine,Both,All Ages,2010,2016,Suicide Firearm,2016,112,1331479,8.41,7.424449527
Both Sexes,All Races,Maine,Both,All Ages,2010,2016,Suicide Firearm,,813,9306214,8.74,.
Both Sexes,All Races,Maryland,Both,All Ages,2010,2016,Suicide Firearm,2010,222,5773552,3.85,3.686795354
Both Sexes,All Races,Maryland,Both,All Ages,2010,2016,Suicide Firearm,2011,242,5843603,4.14,4.007496347
Both Sexes,All Races,Maryland,Both,All Ages,2010,2016,Suicide Firearm,2012,272,5889651,4.62,4.313467283
Both Sexes,All Races,Maryland,Both,All Ages,2010,2016,Suicide Firearm,2013,257,5931129,4.33,4.103279324
Both Sexes,All Races,Maryland,Both,All Ages,2010,2016,Suicide Firearm,2014,277,5967295,4.64,4.3532096
Both Sexes,All Races,Maryland,Both,All Ages,2010,2016,Suicide Firearm,2015,244,5994983,4.07,3.838951527
Both Sexes,All Races,Maryland,Both,All Ages,2010,2016,Suicide Firearm,2016,251,6016447,4.17,3.920677437
Both Sexes,All Races,Maryland,Both,All Ages,2010,2016,Suicide Firearm,,1765,41416660,4.26,.
Both Sexes,All Races,Massachusetts,Both,All Ages,2010,2016,Suicide Firearm,2010,138,6547629,2.11,2.009758363
Both Sexes,All Races,Massachusetts,Both,All Ages,2010,2016,Suicide Firearm,2011,116,6611923,1.75,1.611642126
Both Sexes,All Races,Massachusetts,Both,All Ages,2010,2016,Suicide Firearm,2012,151,6658008,2.27,2.140899361
Both Sexes,All Races,Massachusetts,Both,All Ages,2010,2016,Suicide Firearm,2013,112,6706786,1.67,1.554482602
Both Sexes,All Races,Massachusetts,Both,All Ages,2010,2016,Suicide Firearm,2014,130,6749911,1.93,1.710051564
Both Sexes,All Races,Massachusetts,Both,All Ages,2010,2016,Suicide Firearm,2015,118,6784240,1.74,1.590354213
Both Sexes,All Races,Massachusetts,Both,All Ages,2010,2016,Suicide Firearm,2016,140,6811779,2.06,1.887946617
Both Sexes,All Races,Massachusetts,Both,All Ages,2010,2016,Suicide Firearm,,905,46870276,1.93,.
Both Sexes,All Races,Michigan,Both,All Ages,2010,2016,Suicide Firearm,2010,601,9883635,6.08,5.892988955
Both Sexes,All Races,Michigan,Both,All Ages,2010,2016,Suicide Firearm,2011,619,9876213,6.27,6.021796115
Both Sexes,All Races,Michigan,Both,All Ages,2010,2016,Suicide Firearm,2012,623,9887238,6.3,5.926268181
Both Sexes,All Races,Michigan,Both,All Ages,2010,2016,Suicide Firearm,2013,674,9898982,6.81,6.439383248
Both Sexes,All Races,Michigan,Both,All Ages,2010,2016,Suicide Firearm,2014,671,9915767,6.77,6.465561212
Both Sexes,All Races,Michigan,Both,All Ages,2010,2016,Suicide Firearm,2015,692,9917715,6.98,6.55598894
Both Sexes,All Races,Michigan,Both,All Ages,2010,2016,Suicide Firearm,2016,717,9928300,7.22,6.785576103
Both Sexes,All Races,Michigan,Both,All Ages,2010,2016,Suicide Firearm,,4597,69307850,6.63,.
Both Sexes,All Races,Minnesota,Both,All Ages,2010,2016,Suicide Firearm,2010,280,5303925,5.28,5.145959322
Both Sexes,All Races,Minnesota,Both,All Ages,2010,2016,Suicide Firearm,2011,322,5348562,6.02,5.797976811
Both Sexes,All Races,Minnesota,Both,All Ages,2010,2016,Suicide Firearm,2012,310,5380285,5.76,5.624749637
Both Sexes,All Races,Minnesota,Both,All Ages,2010,2016,Suicide Firearm,2013,339,5418521,6.26,6.014547972
Both Sexes,All Races,Minnesota,Both,All Ages,2010,2016,Suicide Firearm,2014,308,5453109,5.65,5.340988361
Both Sexes,All Races,Minnesota,Both,All Ages,2010,2016,Suicide Firearm,2015,304,5482435,5.54,5.420442061
Both Sexes,All Races,Minnesota,Both,All Ages,2010,2016,Suicide Firearm,2016,332,5519952,6.01,5.767136803
Both Sexes,All Races,Minnesota,Both,All Ages,2010,2016,Suicide Firearm,,2195,37906789,5.79,.
Both Sexes,All Races,Mississippi,Both,All Ages,2010,2016,Suicide Firearm,2010,256,2967299,8.63,8.509516887
Both Sexes,All Races,Mississippi,Both,All Ages,2010,2016,Suicide Firearm,2011,268,2978162,9,8.848344634
Both Sexes,All Races,Mississippi,Both,All Ages,2010,2016,Suicide Firearm,2012,296,2984945,9.92,9.942434964
Both Sexes,All Races,Mississippi,Both,All Ages,2010,2016,Suicide Firearm,2013,279,2990482,9.33,9.221800614
Both Sexes,All Races,Mississippi,Both,All Ages,2010,2016,Suicide Firearm,2014,251,2992400,8.39,8.210481056
Both Sexes,All Races,Mississippi,Both,All Ages,2010,2016,Suicide Firearm,2015,292,2989390,9.77,9.312288227
Both Sexes,All Races,Mississippi,Both,All Ages,2010,2016,Suicide Firearm,2016,268,2988726,8.97,8.708606798
Both Sexes,All Races,Mississippi,Both,All Ages,2010,2016,Suicide Firearm,,1910,20891404,9.14,.
Both Sexes,All Races,Missouri,Both,All Ages,2010,2016,Suicide Firearm,2010,489,5988924,8.17,7.821587261
Both Sexes,All Races,Missouri,Both,All Ages,2010,2016,Suicide Firearm,2011,513,6010717,8.53,8.203674814
Both Sexes,All Races,Missouri,Both,All Ages,2010,2016,Suicide Firearm,2012,546,6025415,9.06,8.706450374
Both Sexes,All Races,Missouri,Both,All Ages,2010,2016,Suicide Firearm,2013,556,6042711,9.2,8.794116782
Both Sexes,All Races,Missouri,Both,All Ages,2010,2016,Suicide Firearm,2014,588,6060930,9.7,9.122636536
Both Sexes,All Races,Missouri,Both,All Ages,2010,2016,Suicide Firearm,2015,605,6076204,9.96,9.509988758
Both Sexes,All Races,Missouri,Both,All Ages,2010,2016,Suicide Firearm,2016,650,6093000,10.67,10.26168439
Both Sexes,All Races,Missouri,Both,All Ages,2010,2016,Suicide Firearm,,3947,42297901,9.33,.
Both Sexes,All Races,Montana,Both,All Ages,2010,2016,Suicide Firearm,2010,141,989417,14.25,13.0422874
Both Sexes,All Races,Montana,Both,All Ages,2010,2016,Suicide Firearm,2011,152,997821,15.23,14.70978618
Both Sexes,All Races,Montana,Both,All Ages,2010,2016,Suicide Firearm,2012,153,1005196,15.22,14.8123226
Both Sexes,All Races,Montana,Both,All Ages,2010,2016,Suicide Firearm,2013,147,1014314,14.49,13.98563271
Both Sexes,All Races,Montana,Both,All Ages,2010,2016,Suicide Firearm,2014,149,1022867,14.57,13.70945317
Both Sexes,All Races,Montana,Both,All Ages,2010,2016,Suicide Firearm,2015,174,1032073,16.86,16.08466597
Both Sexes,All Races,Montana,Both,All Ages,2010,2016,Suicide Firearm,2016,162,1042520,15.54,15.64336551
Both Sexes,All Races,Montana,Both,All Ages,2010,2016,Suicide Firearm,,1078,7104208,15.17,.
Both Sexes,All Races,Nebraska,Both,All Ages,2010,2016,Suicide Firearm,2010,106,1826341,5.8,5.535049659
Both Sexes,All Races,Nebraska,Both,All Ages,2010,2016,Suicide Firearm,2011,111,1842283,6.03,6.083959088
Both Sexes,All Races,Nebraska,Both,All Ages,2010,2016,Suicide Firearm,2012,115,1855725,6.2,6.157263183
Both Sexes,All Races,Nebraska,Both,All Ages,2010,2016,Suicide Firearm,2013,111,1868559,5.94,5.901059825
Both Sexes,All Races,Nebraska,Both,All Ages,2010,2016,Suicide Firearm,2014,133,1881145,7.07,6.975439853
Both Sexes,All Races,Nebraska,Both,All Ages,2010,2016,Suicide Firearm,2015,114,1893765,6.02,5.916198229
Both Sexes,All Races,Nebraska,Both,All Ages,2010,2016,Suicide Firearm,2016,116,1907116,6.08,6.074735687
Both Sexes,All Races,Nebraska,Both,All Ages,2010,2016,Suicide Firearm,,806,13074934,6.16,.
Both Sexes,All Races,Nevada,Both,All Ages,2010,2016,Suicide Firearm,2010,289,2700552,10.7,10.5143729
Both Sexes,All Races,Nevada,Both,All Ages,2010,2016,Suicide Firearm,2011,272,2718379,10.01,9.678456695
Both Sexes,All Races,Nevada,Both,All Ages,2010,2016,Suicide Firearm,2012,274,2752565,9.95,9.578375864
Both Sexes,All Races,Nevada,Both,All Ages,2010,2016,Suicide Firearm,2013,292,2786464,10.48,10.03805331
Both Sexes,All Races,Nevada,Both,All Ages,2010,2016,Suicide Firearm,2014,309,2833013,10.91,10.40397036
Both Sexes,All Races,Nevada,Both,All Ages,2010,2016,Suicide Firearm,2015,293,2883758,10.16,9.505743458
Both Sexes,All Races,Nevada,Both,All Ages,2010,2016,Suicide Firearm,2016,334,2940058,11.36,10.89652591
Both Sexes,All Races,Nevada,Both,All Ages,2010,2016,Suicide Firearm,,2063,19614789,10.52,.
Both Sexes,All Races,New Hampshire,Both,All Ages,2010,2016,Suicide Firearm,2010,102,1316469,7.75,7.038669179
Both Sexes,All Races,New Hampshire,Both,All Ages,2010,2016,Suicide Firearm,2011,75,1318473,5.69,5.032567203
Both Sexes,All Races,New Hampshire,Both,All Ages,2010,2016,Suicide Firearm,2012,98,1321182,7.42,6.649055442
Both Sexes,All Races,New Hampshire,Both,All Ages,2010,2016,Suicide Firearm,2013,81,1322687,6.12,5.51244771
Both Sexes,All Races,New Hampshire,Both,All Ages,2010,2016,Suicide Firearm,2014,110,1328743,8.28,7.634179197
Both Sexes,All Races,New Hampshire,Both,All Ages,2010,2016,Suicide Firearm,2015,107,1330111,8.04,7.787315924
Both Sexes,All Races,New Hampshire,Both,All Ages,2010,2016,Suicide Firearm,2016,123,1334795,9.21,8.646877742
Both Sexes,All Races,New Hampshire,Both,All Ages,2010,2016,Suicide Firearm,,696,9272460,7.51,.
Both Sexes,All Races,New Jersey,Both,All Ages,2010,2016,Suicide Firearm,2010,187,8791898,2.13,1.935041447
Both Sexes,All Races,New Jersey,Both,All Ages,2010,2016,Suicide Firearm,2011,181,8841243,2.05,1.900169024
Both Sexes,All Races,New Jersey,Both,All Ages,2010,2016,Suicide Firearm,2012,160,8873211,1.8,1.671993099
Both Sexes,All Races,New Jersey,Both,All Ages,2010,2016,Suicide Firearm,2013,194,8899162,2.18,2.018800819
Both Sexes,All Races,New Jersey,Both,All Ages,2010,2016,Suicide Firearm,2014,194,8925001,2.17,1.991484116
Both Sexes,All Races,New Jersey,Both,All Ages,2010,2016,Suicide Firearm,2015,189,8935421,2.12,1.959493875
Both Sexes,All Races,New Jersey,Both,All Ages,2010,2016,Suicide Firearm,2016,176,8944469,1.97,1.800379618
Both Sexes,All Races,New Jersey,Both,All Ages,2010,2016,Suicide Firearm,,1281,62210405,2.06,.
Both Sexes,All Races,New Mexico,Both,All Ages,2010,2016,Suicide Firearm,2010,204,2059180,9.91,9.818304068
Both Sexes,All Races,New Mexico,Both,All Ages,2010,2016,Suicide Firearm,2011,221,2077756,10.64,10.55179823
Both Sexes,All Races,New Mexico,Both,All Ages,2010,2016,Suicide Firearm,2012,230,2083784,11.04,10.80933014
Both Sexes,All Races,New Mexico,Both,All Ages,2010,2016,Suicide Firearm,2013,222,2085193,10.65,10.2744755
Both Sexes,All Races,New Mexico,Both,All Ages,2010,2016,Suicide Firearm,2014,244,2083024,11.71,11.11029753
Both Sexes,All Races,New Mexico,Both,All Ages,2010,2016,Suicide Firearm,2015,275,2080328,13.22,12.5118011
Both Sexes,All Races,New Mexico,Both,All Ages,2010,2016,Suicide Firearm,2016,243,2081015,11.68,11.01682089
Both Sexes,All Races,New Mexico,Both,All Ages,2010,2016,Suicide Firearm,,1639,14550280,11.26,.
Both Sexes,All Races,New York,Both,All Ages,2010,2016,Suicide Firearm,2010,459,19378104,2.37,2.247827569
Both Sexes,All Races,New York,Both,All Ages,2010,2016,Suicide Firearm,2011,505,19519529,2.59,2.409330612
Both Sexes,All Races,New York,Both,All Ages,2010,2016,Suicide Firearm,2012,516,19602769,2.63,2.450606091
Both Sexes,All Races,New York,Both,All Ages,2010,2016,Suicide Firearm,2013,465,19673546,2.36,2.176496081
Both Sexes,All Races,New York,Both,All Ages,2010,2016,Suicide Firearm,2014,474,19718515,2.4,2.202210975
Both Sexes,All Races,New York,Both,All Ages,2010,2016,Suicide Firearm,2015,421,19747183,2.13,1.957732304
Both Sexes,All Races,New York,Both,All Ages,2010,2016,Suicide Firearm,2016,490,19745289,2.48,2.302169373
Both Sexes,All Races,New York,Both,All Ages,2010,2016,Suicide Firearm,,3330,137384935,2.42,.
Both Sexes,All Races,North Carolina,Both,All Ages,2010,2016,Suicide Firearm,2010,707,9535471,7.41,7.206035621
Both Sexes,All Races,North Carolina,Both,All Ages,2010,2016,Suicide Firearm,2011,728,9650963,7.54,7.28014577
Both Sexes,All Races,North Carolina,Both,All Ages,2010,2016,Suicide Firearm,2012,709,9746175,7.27,6.89866193
Both Sexes,All Races,North Carolina,Both,All Ages,2010,2016,Suicide Firearm,2013,771,9841590,7.83,7.444066366
Both Sexes,All Races,North Carolina,Both,All Ages,2010,2016,Suicide Firearm,2014,760,9934399,7.65,7.226116836
Both Sexes,All Races,North Carolina,Both,All Ages,2010,2016,Suicide Firearm,2015,787,10035186,7.84,7.305589164
Both Sexes,All Races,North Carolina,Both,All Ages,2010,2016,Suicide Firearm,2016,788,10146788,7.77,7.33811244
Both Sexes,All Races,North Carolina,Both,All Ages,2010,2016,Suicide Firearm,,5250,68890572,7.62,.
Both Sexes,All Races,North Dakota,Both,All Ages,2010,2016,Suicide Firearm,2010,56,672591,8.33,8.386723396
Both Sexes,All Races,North Dakota,Both,All Ages,2010,2016,Suicide Firearm,2011,51,685476,7.44,7.290458373
Both Sexes,All Races,North Dakota,Both,All Ages,2010,2016,Suicide Firearm,2012,63,702087,8.97,9.042806253
Both Sexes,All Races,North Dakota,Both,All Ages,2010,2016,Suicide Firearm,2013,76,724019,10.5,10.01406774
Both Sexes,All Races,North Dakota,Both,All Ages,2010,2016,Suicide Firearm,2014,85,739904,11.49,10.72227024
Both Sexes,All Races,North Dakota,Both,All Ages,2010,2016,Suicide Firearm,2015,76,756835,10.04,10.22875588
Both Sexes,All Races,North Dakota,Both,All Ages,2010,2016,Suicide Firearm,2016,75,757952,9.9,9.922738428
Both Sexes,All Races,North Dakota,Both,All Ages,2010,2016,Suicide Firearm,,482,5038864,9.57,.
Both Sexes,All Races,Ohio,Both,All Ages,2010,2016,Suicide Firearm,2010,724,11536502,6.28,6.084796813
Both Sexes,All Races,Ohio,Both,All Ages,2010,2016,Suicide Firearm,2011,726,11544824,6.29,5.98530711
Both Sexes,All Races,Ohio,Both,All Ages,2010,2016,Suicide Firearm,2012,784,11550839,6.79,6.424254213
Both Sexes,All Races,Ohio,Both,All Ages,2010,2016,Suicide Firearm,2013,800,11570022,6.91,6.538529647
Both Sexes,All Races,Ohio,Both,All Ages,2010,2016,Suicide Firearm,2014,744,11594408,6.42,6.064525764
Both Sexes,All Races,Ohio,Both,All Ages,2010,2016,Suicide Firearm,2015,861,11605090,7.42,7.099010664
Both Sexes,All Races,Ohio,Both,All Ages,2010,2016,Suicide Firearm,2016,926,11614373,7.97,7.439286536
Both Sexes,All Races,Ohio,Both,All Ages,2010,2016,Suicide Firearm,,5565,81016058,6.87,.
Both Sexes,All Races,Oklahoma,Both,All Ages,2010,2016,Suicide Firearm,2010,376,3751354,10.02,9.931374809
Both Sexes,All Races,Oklahoma,Both,All Ages,2010,2016,Suicide Firearm,2011,440,3786274,11.62,11.54596912
Both Sexes,All Races,Oklahoma,Both,All Ages,2010,2016,Suicide Firearm,2012,411,3817054,10.77,10.52442568
Both Sexes,All Races,Oklahoma,Both,All Ages,2010,2016,Suicide Firearm,2013,433,3852415,11.24,11.0950841
Both Sexes,All Races,Oklahoma,Both,All Ages,2010,2016,Suicide Firearm,2014,435,3877499,11.22,11.014408
Both Sexes,All Races,Oklahoma,Both,All Ages,2010,2016,Suicide Firearm,2015,468,3907414,11.98,11.67224449
Both Sexes,All Races,Oklahoma,Both,All Ages,2010,2016,Suicide Firearm,2016,517,3923561,13.18,12.92126012
Both Sexes,All Races,Oklahoma,Both,All Ages,2010,2016,Suicide Firearm,,3080,26915571,11.44,.
Both Sexes,All Races,Oregon,Both,All Ages,2010,2016,Suicide Firearm,2010,376,3831073,9.81,9.182388633
Both Sexes,All Races,Oregon,Both,All Ages,2010,2016,Suicide Firearm,2011,343,3868031,8.87,8.429194813
Both Sexes,All Races,Oregon,Both,All Ages,2010,2016,Suicide Firearm,2012,367,3899116,9.41,8.89076245
Both Sexes,All Races,Oregon,Both,All Ages,2010,2016,Suicide Firearm,2013,389,3925751,9.91,9.126679712
Both Sexes,All Races,Oregon,Both,All Ages,2010,2016,Suicide Firearm,2014,422,3968371,10.63,9.803976079
Both Sexes,All Races,Oregon,Both,All Ages,2010,2016,Suicide Firearm,2015,373,4024634,9.27,8.531418134
Both Sexes,All Races,Oregon,Both,All Ages,2010,2016,Suicide Firearm,2016,414,4093465,10.11,9.323233116
Both Sexes,All Races,Oregon,Both,All Ages,2010,2016,Suicide Firearm,,2684,27610441,9.72,.
Both Sexes,All Races,Pennsylvania,Both,All Ages,2010,2016,Suicide Firearm,2010,762,12702379,6,5.616794106
Both Sexes,All Races,Pennsylvania,Both,All Ages,2010,2016,Suicide Firearm,2011,883,12744293,6.93,6.446472453
Both Sexes,All Races,Pennsylvania,Both,All Ages,2010,2016,Suicide Firearm,2012,819,12771854,6.41,5.935131282
Both Sexes,All Races,Pennsylvania,Both,All Ages,2010,2016,Suicide Firearm,2013,918,12781338,7.18,6.641994659
Both Sexes,All Races,Pennsylvania,Both,All Ages,2010,2016,Suicide Firearm,2014,897,12790565,7.01,6.280445717
Both Sexes,All Races,Pennsylvania,Both,All Ages,2010,2016,Suicide Firearm,2015,932,12791904,7.29,6.705958873
Both Sexes,All Races,Pennsylvania,Both,All Ages,2010,2016,Suicide Firearm,2016,976,12784227,7.63,7.045328016
Both Sexes,All Races,Pennsylvania,Both,All Ages,2010,2016,Suicide Firearm,,6187,89366560,6.92,.
Both Sexes,All Races,Rhode Island,Both,All Ages,2010,2016,Suicide Firearm,2010,30,1052567,2.85,2.818154237
Both Sexes,All Races,Rhode Island,Both,All Ages,2010,2016,Suicide Firearm,2011,20,1052451,1.9,1.801335698
Both Sexes,All Races,Rhode Island,Both,All Ages,2010,2016,Suicide Firearm,2012,26,1052901,2.47,2.523392445
Both Sexes,All Races,Rhode Island,Both,All Ages,2010,2016,Suicide Firearm,2013,34,1053033,3.23,3.22439488
Both Sexes,All Races,Rhode Island,Both,All Ages,2010,2016,Suicide Firearm,2014,20,1054480,1.9,1.689152722
Both Sexes,All Races,Rhode Island,Both,All Ages,2010,2016,Suicide Firearm,2015,40,1055607,3.79,3.59966515
Both Sexes,All Races,Rhode Island,Both,All Ages,2010,2016,Suicide Firearm,2016,35,1056426,3.31,2.828116763
Both Sexes,All Races,Rhode Island,Both,All Ages,2010,2016,Suicide Firearm,,205,7377465,2.78,.
Both Sexes,All Races,South Carolina,Both,All Ages,2010,2016,Suicide Firearm,2010,392,4625364,8.48,8.239873068
Both Sexes,All Races,South Carolina,Both,All Ages,2010,2016,Suicide Firearm,2011,426,4672637,9.12,8.741035131
Both Sexes,All Races,South Carolina,Both,All Ages,2010,2016,Suicide Firearm,2012,433,4720760,9.17,8.499296543
Both Sexes,All Races,South Carolina,Both,All Ages,2010,2016,Suicide Firearm,2013,470,4767894,9.86,9.23716747
Both Sexes,All Races,South Carolina,Both,All Ages,2010,2016,Suicide Firearm,2014,479,4828430,9.92,9.427793904
Both Sexes,All Races,South Carolina,Both,All Ages,2010,2016,Suicide Firearm,2015,469,4894834,9.58,9.170547639
Both Sexes,All Races,South Carolina,Both,All Ages,2010,2016,Suicide Firearm,2016,525,4961119,10.58,9.933801481
Both Sexes,All Races,South Carolina,Both,All Ages,2010,2016,Suicide Firearm,,3194,33471038,9.54,.
Both Sexes,All Races,South Dakota,Both,All Ages,2010,2016,Suicide Firearm,2010,65,814180,7.98,8.092150285
Both Sexes,All Races,South Dakota,Both,All Ages,2010,2016,Suicide Firearm,2011,60,824398,7.28,7.038574492
Both Sexes,All Races,South Dakota,Both,All Ages,2010,2016,Suicide Firearm,2012,76,834441,9.11,8.685927508
Both Sexes,All Races,South Dakota,Both,All Ages,2010,2016,Suicide Firearm,2013,71,844922,8.4,8.924718051
Both Sexes,All Races,South Dakota,Both,All Ages,2010,2016,Suicide Firearm,2014,76,852561,8.91,8.770137966
Both Sexes,All Races,South Dakota,Both,All Ages,2010,2016,Suicide Firearm,2015,73,857919,8.51,8.230207127
Both Sexes,All Races,South Dakota,Both,All Ages,2010,2016,Suicide Firearm,2016,84,865454,9.71,10.3594697
Both Sexes,All Races,South Dakota,Both,All Ages,2010,2016,Suicide Firearm,,505,5893875,8.57,.
Both Sexes,All Races,Tennessee,Both,All Ages,2010,2016,Suicide Firearm,2010,585,6346113,9.22,8.93144743
Both Sexes,All Races,Tennessee,Both,All Ages,2010,2016,Suicide Firearm,2011,591,6397634,9.24,8.727659334
Both Sexes,All Races,Tennessee,Both,All Ages,2010,2016,Suicide Firearm,2012,626,6454306,9.7,9.138217667
Both Sexes,All Races,Tennessee,Both,All Ages,2010,2016,Suicide Firearm,2013,676,6494821,10.41,9.857347271
Both Sexes,All Races,Tennessee,Both,All Ages,2010,2016,Suicide Firearm,2014,644,6544663,9.84,9.310139402
Both Sexes,All Races,Tennessee,Both,All Ages,2010,2016,Suicide Firearm,2015,638,6595056,9.67,9.128686425
Both Sexes,All Races,Tennessee,Both,All Ages,2010,2016,Suicide Firearm,2016,675,6651194,10.15,9.665771292
Both Sexes,All Races,Tennessee,Both,All Ages,2010,2016,Suicide Firearm,,4435,45483787,9.75,.
Both Sexes,All Races,Texas,Both,All Ages,2010,2016,Suicide Firearm,2010,1702,25145561,6.77,6.973192644
Both Sexes,All Races,Texas,Both,All Ages,2010,2016,Suicide Firearm,2011,1684,25646389,6.57,6.748212631
Both Sexes,All Races,Texas,Both,All Ages,2010,2016,Suicide Firearm,2012,1744,26071655,6.69,6.834425503
Both Sexes,All Races,Texas,Both,All Ages,2010,2016,Suicide Firearm,2013,1780,26473525,6.72,6.812468647
Both Sexes,All Races,Texas,Both,All Ages,2010,2016,Suicide Firearm,2014,1789,26944751,6.64,6.723624477
Both Sexes,All Races,Texas,Both,All Ages,2010,2016,Suicide Firearm,2015,1994,27429639,7.27,7.322136912
Both Sexes,All Races,Texas,Both,All Ages,2010,2016,Suicide Firearm,2016,2016,27862596,7.24,7.280820466
Both Sexes,All Races,Texas,Both,All Ages,2010,2016,Suicide Firearm,,12709,185574116,6.85,.
Both Sexes,All Races,Utah,Both,All Ages,2010,2016,Suicide Firearm,2010,275,2763885,9.95,10.64708433
Both Sexes,All Races,Utah,Both,All Ages,2010,2016,Suicide Firearm,2011,268,2816124,9.52,10.51411847
Both Sexes,All Races,Utah,Both,All Ages,2010,2016,Suicide Firearm,2012,283,2855782,9.91,10.95705197
Both Sexes,All Races,Utah,Both,All Ages,2010,2016,Suicide Firearm,2013,295,2902663,10.16,10.99719622
Both Sexes,All Races,Utah,Both,All Ages,2010,2016,Suicide Firearm,2014,278,2941836,9.45,10.32668433
Both Sexes,All Races,Utah,Both,All Ages,2010,2016,Suicide Firearm,2015,313,2990632,10.47,11.07183481
Both Sexes,All Races,Utah,Both,All Ages,2010,2016,Suicide Firearm,2016,309,3051217,10.13,10.94531626
Both Sexes,All Races,Utah,Both,All Ages,2010,2016,Suicide Firearm,,2021,20322139,9.94,.
Both Sexes,All Races,Vermont,Both,All Ages,2010,2016,Suicide Firearm,2010,66,625741,10.55,9.562537103
Both Sexes,All Races,Vermont,Both,All Ages,2010,2016,Suicide Firearm,2011,70,626730,11.17,10.20949748
Both Sexes,All Races,Vermont,Both,All Ages,2010,2016,Suicide Firearm,2012,50,626444,7.98,7.814895891
Both Sexes,All Races,Vermont,Both,All Ages,2010,2016,Suicide Firearm,2013,59,627140,9.41,8.536418808
Both Sexes,All Races,Vermont,Both,All Ages,2010,2016,Suicide Firearm,2014,59,626984,9.41,8.495505686
Both Sexes,All Races,Vermont,Both,All Ages,2010,2016,Suicide Firearm,2015,59,626088,9.42,7.901950028
Both Sexes,All Races,Vermont,Both,All Ages,2010,2016,Suicide Firearm,2016,69,624594,11.05,9.583719359
Both Sexes,All Races,Vermont,Both,All Ages,2010,2016,Suicide Firearm,,432,4383721,9.85,.
Both Sexes,All Races,Virginia,Both,All Ages,2010,2016,Suicide Firearm,2010,576,8001031,7.2,6.985150418
Both Sexes,All Races,Virginia,Both,All Ages,2010,2016,Suicide Firearm,2011,604,8110035,7.45,7.120224025
Both Sexes,All Races,Virginia,Both,All Ages,2010,2016,Suicide Firearm,2012,587,8192048,7.17,6.987128364
Both Sexes,All Races,Virginia,Both,All Ages,2010,2016,Suicide Firearm,2013,601,8262692,7.27,6.942576926
Both Sexes,All Races,Virginia,Both,All Ages,2010,2016,Suicide Firearm,2014,626,8317372,7.53,7.110459796
Both Sexes,All Races,Virginia,Both,All Ages,2010,2016,Suicide Firearm,2015,630,8367587,7.53,7.06930111
Both Sexes,All Races,Virginia,Both,All Ages,2010,2016,Suicide Firearm,2016,671,8411808,7.98,7.440374549
Both Sexes,All Races,Virginia,Both,All Ages,2010,2016,Suicide Firearm,,4295,57662573,7.45,.
Both Sexes,All Races,Washington,Both,All Ages,2010,2016,Suicide Firearm,2010,464,6724543,6.9,6.737366569
Both Sexes,All Races,Washington,Both,All Ages,2010,2016,Suicide Firearm,2011,495,6822520,7.26,6.925609752
Both Sexes,All Races,Washington,Both,All Ages,2010,2016,Suicide Firearm,2012,529,6895226,7.67,7.339155739
Both Sexes,All Races,Washington,Both,All Ages,2010,2016,Suicide Firearm,2013,483,6968006,6.93,6.531087392
Both Sexes,All Races,Washington,Both,All Ages,2010,2016,Suicide Firearm,2014,551,7054196,7.81,7.462138283
Both Sexes,All Races,Washington,Both,All Ages,2010,2016,Suicide Firearm,2015,537,7160290,7.5,7.229997712
Both Sexes,All Races,Washington,Both,All Ages,2010,2016,Suicide Firearm,2016,515,7288000,7.07,6.615764902
Both Sexes,All Races,Washington,Both,All Ages,2010,2016,Suicide Firearm,,3574,48912781,7.31,.
Both Sexes,All Races,West Virginia,Both,All Ages,2010,2016,Suicide Firearm,2010,210,1852999,11.33,10.63669369
Both Sexes,All Races,West Virginia,Both,All Ages,2010,2016,Suicide Firearm,2011,200,1854972,10.78,10.03530366
Both Sexes,All Races,West Virginia,Both,All Ages,2010,2016,Suicide Firearm,2012,198,1856560,10.66,10.03265053
Both Sexes,All Races,West Virginia,Both,All Ages,2010,2016,Suicide Firearm,2013,225,1853231,12.14,11.31904048
Both Sexes,All Races,West Virginia,Both,All Ages,2010,2016,Suicide Firearm,2014,217,1848514,11.74,10.59475391
Both Sexes,All Races,West Virginia,Both,All Ages,2010,2016,Suicide Firearm,2015,215,1841053,11.68,10.40379974
Both Sexes,All Races,West Virginia,Both,All Ages,2010,2016,Suicide Firearm,2016,238,1831102,13,12.12202659
Both Sexes,All Races,West Virginia,Both,All Ages,2010,2016,Suicide Firearm,,1503,12938431,11.62,.
Both Sexes,All Races,Wisconsin,Both,All Ages,2010,2016,Suicide Firearm,2010,378,5686986,6.65,6.35288807
Both Sexes,All Races,Wisconsin,Both,All Ages,2010,2016,Suicide Firearm,2011,351,5709640,6.15,5.968093388
Both Sexes,All Races,Wisconsin,Both,All Ages,2010,2016,Suicide Firearm,2012,348,5726177,6.08,5.790647702
Both Sexes,All Races,Wisconsin,Both,All Ages,2010,2016,Suicide Firearm,2013,437,5742854,7.61,7.26523074
Both Sexes,All Races,Wisconsin,Both,All Ages,2010,2016,Suicide Firearm,2014,352,5758377,6.11,5.786931289
Both Sexes,All Races,Wisconsin,Both,All Ages,2010,2016,Suicide Firearm,2015,424,5767891,7.35,6.908775226
Both Sexes,All Races,Wisconsin,Both,All Ages,2010,2016,Suicide Firearm,2016,455,5778708,7.87,7.490401229
Both Sexes,All Races,Wisconsin,Both,All Ages,2010,2016,Suicide Firearm,,2745,40170633,6.83,.
Both Sexes,All Races,Wyoming,Both,All Ages,2010,2016,Suicide Firearm,2010,83,563626,14.73,13.75618545
Both Sexes,All Races,Wyoming,Both,All Ages,2010,2016,Suicide Firearm,2011,84,567725,14.8,14.57072926
Both Sexes,All Races,Wyoming,Both,All Ages,2010,2016,Suicide Firearm,2012,102,576765,17.68,17.39471319
Both Sexes,All Races,Wyoming,Both,All Ages,2010,2016,Suicide Firearm,2013,89,582684,15.27,14.20271578
Both Sexes,All Races,Wyoming,Both,All Ages,2010,2016,Suicide Firearm,2014,78,583642,13.36,13.74792885
Both Sexes,All Races,Wyoming,Both,All Ages,2010,2016,Suicide Firearm,2015,95,586555,16.2,16.56470295
Both Sexes,All Races,Wyoming,Both,All Ages,2010,2016,Suicide Firearm,2016,87,585501,14.86,14.954734
Both Sexes,All Races,Wyoming,Both,All Ages,2010,2016,Suicide Firearm,,618,4046498,15.27,.
Both Sexes,All Races,,Both,All Ages,2010,2016,Suicide Firearm,,147565,2213201740,6.67,.
